kind,key,en_US,fr_FR,fa_IR
report,stock_monitor,Stock Monitor,Suivi des stocks,پایش انبار
report,stock_monitor_full,Stock Monitor - Values & Rent,Suivi des stocks - Valeurs et loyers,پایش انبار - ارزش‌ها و اجاره
field,x_family,Family,Famille,خانواده
field,x_ownership,Ownership,Propriété,مالکیت
field,x_location_id,Stock,Stock,محل انبار
field,x_warehouse_id,Warehouse,Entrepôt,انبار
field,x_place_type,Place Type,Type de lieu,نوع محل
field,x_country_id,Country,Pays,کشور
field,x_state_id,State,Région,استان
field,x_city,City,Ville,شهر
field,x_currency_id,Currency,Devise,ارز
field,x_product_id,Product,Article,محصول
field,x_item,Item,Élément,قلم
field,x_quantity,Quantity,Quantité,مقدار
field,x_inventory_value,Inventory Value,Valeur d'inventaire,ارزش موجودی
field,x_accounting_value,Accounting Value,Valeur comptable,ارزش دفتری
field,x_rent_month,Rent per Month,Loyer mensuel,اجاره ماهانه
field,x_rent_paid,Rent Paid to Date,Loyer payé à ce jour,اجاره پرداخت‌شده تا امروز
value,x_family.asset,Asset,Équipement,تجهیزات
value,x_family.consumable,Consumable,Consommable,مصرفی
value,x_ownership.owned,Owned,En propriété,ملکی
value,x_ownership.borrowed,Borrowed,Emprunté,امانی
value,x_ownership.rented,Rented,Loué,اجاره‌ای
value,x_ownership.lent_out,Lent Out,Prêté,امانت داده شده
value,x_place_type.physical,Physical,Physique,فیزیکی
value,x_place_type.lent_out,Lent Out,Prêt,امانت
value,x_place_type.virtual,Virtual,Virtuel,مجازی
