id,name,model_id:id,group_id:id,perm_read,perm_write,perm_create,perm_unlink
access_equipment_ownership_correction,equipment.ownership.correction,model_equipment_ownership_correction,group_equipment_ownership_manager,1,1,1,1
access_equipment_operation_operator,equipment.operation operator,model_equipment_operation,group_equipment_operator,1,1,1,1
access_equipment_operation_approver,equipment.operation approver,model_equipment_operation,group_equipment_approver,1,0,0,0
access_equipment_operation_manager,equipment.operation manager,model_equipment_operation,maintenance.group_equipment_manager,1,0,0,0
access_equipment_operation_line_operator,equipment.operation.line operator,model_equipment_operation_line,group_equipment_operator,1,1,1,1
access_equipment_operation_line_approver,equipment.operation.line approver,model_equipment_operation_line,group_equipment_approver,1,0,0,0
access_equipment_operation_line_manager,equipment.operation.line manager,model_equipment_operation_line,maintenance.group_equipment_manager,1,0,0,0
access_equipment_operation_stop_operator,equipment.operation.stop operator,model_equipment_operation_stop,group_equipment_operator,1,1,0,0
access_equipment_operation_stop_approver,equipment.operation.stop approver,model_equipment_operation_stop,group_equipment_approver,1,0,0,0
access_purchase_order_equipment_operator,purchase.order equipment operator,purchase.model_purchase_order,group_equipment_operator,1,0,0,0
access_purchase_order_line_equipment_operator,purchase.order.line equipment operator,purchase.model_purchase_order_line,group_equipment_operator,1,0,0,0
access_contract_equipment_operator,contract.contract equipment operator,contract.model_contract_contract,group_equipment_operator,1,0,0,0
access_contract_line_equipment_operator,contract.line equipment operator,contract.model_contract_line,group_equipment_operator,1,0,0,0
access_purchase_order_equipment_approver,purchase.order equipment approver,purchase.model_purchase_order,group_equipment_approver,1,0,0,0
access_purchase_order_line_equipment_approver,purchase.order.line equipment approver,purchase.model_purchase_order_line,group_equipment_approver,1,0,0,0
access_contract_equipment_approver,contract.contract equipment approver,contract.model_contract_contract,group_equipment_approver,1,0,0,0
access_contract_line_equipment_approver,contract.line equipment approver,contract.model_contract_line,group_equipment_approver,1,0,0,0
access_maintenance_equipment_equipment_operator,maintenance.equipment equipment operator,maintenance.model_maintenance_equipment,group_equipment_operator,1,0,0,0
access_maintenance_equipment_category_equipment_operator,maintenance.equipment.category equipment operator,maintenance.model_maintenance_equipment_category,group_equipment_operator,1,0,0,0
access_maintenance_equipment_equipment_approver,maintenance.equipment equipment approver,maintenance.model_maintenance_equipment,group_equipment_approver,1,0,0,0
access_maintenance_equipment_category_equipment_approver,maintenance.equipment.category equipment approver,maintenance.model_maintenance_equipment_category,group_equipment_approver,1,0,0,0
access_stock_lot_equipment_approver,stock.lot equipment approver,stock.model_stock_lot,group_equipment_approver,1,0,0,0
access_stock_picking_equipment_approver,stock.picking equipment approver,stock.model_stock_picking,group_equipment_approver,1,0,0,0
access_stock_move_equipment_approver,stock.move equipment approver,stock.model_stock_move,group_equipment_approver,1,0,0,0
access_account_move_equipment_approver,account.move equipment approver,account.model_account_move,group_equipment_approver,1,0,0,0
access_equipment_cost_correction,equipment.cost.correction,model_equipment_cost_correction,account.group_account_manager,1,1,1,1
access_account_move_line_equipment_approver,account.move.line equipment approver,account.model_account_move_line,group_equipment_approver,1,0,0,0
access_contract_modification_equipment_approver,contract.modification equipment approver,contract.model_contract_modification,group_equipment_approver,1,0,0,0
access_account_journal_equipment_approver,account.journal equipment approver,account.model_account_journal,group_equipment_approver,1,0,0,0
access_repair_order_equipment_approver,repair.order equipment approver,repair.model_repair_order,group_equipment_approver,1,0,0,0
